{
  "pages/unsubscribe": "---\nblog:\n    recent_posts:\n        limit: {{theme_settings.footer_blog_posts_count}}\n---\n{{#partial \"page\"}}\n\n<section class=\"page\">\n    <div class=\"page-content page-content--centered\">\n        <h1 class=\"page-heading\">{{lang 'newsletter.unsubscribed_heading'}}</h1>\n        {{> components/common/alert-success (lang 'newsletter.unsubscribed_message' store_name=settings.store_name)}}\n    </div>\n</section>\n\n{{/partial}}\n{{> layout/base}}\n",
  "components/common/alert-success": "<div class=\"alertBox alertBox--success\">\n    <div class=\"alertBox-column alertBox-icon\">\n        <icon glyph=\"ic-success\" class=\"icon\" aria-hidden=\"true\"><svg xmlns=\"http://www.w3.org/2000/svg\" width=\"24\" height=\"24\" viewBox=\"0 0 24 24\"><path d=\"M12 2C6.48 2 2 6.48 2 12s4.48 10 10 10 10-4.48 10-10S17.52 2 12 2zm1 15h-2v-2h2v2zm0-4h-2V7h2v6z\"></path></svg></icon>\n    </div>\n    <p class=\"alertBox-column alertBox-message\">\n        <span>{{{this}}}</span>\n    </p>\n</div>\n",
  "layout/base": "<!DOCTYPE html>\n<html class=\"no-js\" lang=\"{{ locale_name }}\">\n<head>\n    <title>{{ head.title }}</title>\n    {{{ resourceHints }}}\n    {{{ head.meta_tags }}}\n    {{{ head.config }}}\n    {{#block \"head\"}} {{/block}}\n\n    <link href=\"{{ head.favicon }}\" rel=\"shortcut icon\">\n    <meta name=\"viewport\" content=\"width=device-width, initial-scale=1, maximum-scale=1\">\n\n    <script>\n        // Change document class from no-js to js so we can detect this in css\n        document.documentElement.className = document.documentElement.className.replace('no-js', 'js');\n    </script>\n\n    {{ getFontsCollection }}\n    {{{stylesheet '/assets/css/theme.css'}}}\n    {{{stylesheet '/assets/css/parts-warehouse.css'}}}\n    {{{stylesheet '/assets/css/cards-simple.css'}}}\n    {{{stylesheet '/assets/css/cards-quicksearch.css'}}}\n    {{{stylesheet '/assets/css/theme-editor-responsive.css'}}}\n    {{{stylesheet '/assets/css/custom.css'}}}\n\n        {{{head.scripts}}}\n        {{{head.rsslinks}}}\n\n        {{inject 'themeSettings' theme_settings}}\n        {{inject 'genericError' (lang 'common.generic_error')}}\n        {{inject 'maintenanceMode' settings.maintenance}}\n        {{inject 'urls' urls}}\n        {{inject 'secureBaseUrl' settings.secure_base_url}}\n        {{inject 'cartId' cart_id}}\n        {{inject 'template' template}}\n\n    </head>\n    <body id=\"body\" class=\"main{{#if theme_settings.body_width '===' 960}} nine-sixty{{/if}} {{#if theme_settings.body_width '===' 1170}} eleven-seventy {{/if}} {{#if theme_settings.body_width '===' 1280}} twelve-eighty {{/if}} {{#if theme_settings.body_width '===' 1366}} thirteen-sixty-six {{/if}} {{#if theme_settings.body_width '===' 1440}} fourteen-forty {{/if}} base-layout {{#if theme_settings.header-layout '!==' 'in-container'}} header-full-width{{/if}} {{#if theme_settings.header-layout '===' 'in-container'}} header-in-container{{/if}}\">\n\n        {{{snippet 'header'}}}\n        <svg data-src=\"{{cdn 'img/icon-sprite.svg'}}\" class=\"icons-svg-sprite\"></svg>\n\n        {{#and settings.privacy_cookie settings.is_eu_ip_address}}\n            {{> components/common/cookie}}\n        {{/and}}\n\n        {{> components/common/header }}\n        {{> components/common/body }}\n        {{> components/common/footer }}\n\n        <script>window.__webpack_public_path__ = \"{{cdn 'assets/dist/'}}\";</script>\n        <script src=\"{{cdn 'assets/dist/theme-bundle.main.js'}}\"></script>\n\n        <script>\n            // Exported in app.js\n            window.stencilBootstrap(\"{{page_type}}\", {{jsContext}}).load();\n        </script>\n\n        <link rel=\"stylesheet\" href=\"https://ajax.googleapis.com/ajax/libs/jqueryui/1.12.1/themes/smoothness/jquery-ui.min.css\">\n\n        <!-- JS -->\n\n        <script src=\"https://ajax.googleapis.com/ajax/libs/webfont/1.6.26/webfont.js\" async></script>\n        <script>\n        // This will make sure WebFont.load is only used in the browser.\n        if (typeof window === 'undefined') {\n\t        var WebFont = require('webfont');\n\t        WebFont.load({\n\t\t      google: {\n\t\t\t      families: ['Roboto:100,100i,300,300i,400,400i,500,500i,700,700i,', 'Roboto+Condensed:300,300i,400,400i,700,700i']\n\t\t        },\n\t        });\n        }\n        </script>\n\n        {{{footer.scripts}}}\n\n    </body> \n</html>\n",
  "components/common/cookie": "<div class=\"cookieMessage\">\n    <div class=\"cookieMessage-container\">\n        <div class=\"cookieMessage-text\">\n            <p>{{settings.privacy_cookie}}</p>\n        </div>\n        <button class=\"button button--primary button--small\" data-privacy-accept>{{lang 'cookies.accept'}}</button>\n    </div>\n</div>\n",
  "components/common/body": "<div class=\"body content\" data-currency-code=\"{{currency_selector.active_currency_code}}\">\n    {{#block \"hero\"}} {{/block}}\n    <div class=\"container main\">\n        {{#block \"page\"}} {{/block}}\n    </div>\n    {{> components/common/modal}}\n    {{> components/common/alert-modal}}\n    <div class=\"clear\"></div>\n</div>\n",
  "components/common/header": "<div class=\"header-container {{#if theme_settings.sticky_topMenu '===' true}}sticky-header{{/if}}{{#if settings.gift_certificates_enabled}} gift-certificates-enabled {{/if}}\">\n<div class=\"top-menu\">\n    <div class=\"content\">\n\n      <!-- NEW BUTTON TO TRIGGER MAIN NAV WHEN STICKY -->\n      <!-- <div class=\"alt-toggle\">\n        <h2 class=\"container-header btn\"><span class=\"down-arrrow burger-menu\"><i class=\"burger open\" aria-hidden=\"true\"><svg><use xlink:href=\"#icon-Menu\" /></svg></i><i class=\"menu close\" aria-hidden=\"true\"><svg><use xlink:href=\"#icon-close\" /></svg></i></span></h2>\n        <h2 class=\"container-header text\"><span class=\"mega-shop-text\"></span></h2>\n      </div> -->\n\n         <a href=\"#\" class=\"mobileMenu-toggle\" data-mobile-menu-toggle=\"menu\">\n            <span class=\"mobileMenu-toggleIcon\">Toggle menu</span>\n        </a>\n\n        <!-- OPTIONAL SHORT MESSAGE LINK -->\n        <!-- <div class=\"left\">\n          <a class=\"optional-message-link\" href=\"\">Put an optional message here.</a>\n        </div> -->\n\n        <div class=\"left phone-number\">\n            {{#if settings.phone_number}}\n                {{settings.phone_number}}\n            {{/if}}\n        </div>\n\n        {{>components/common/currency-selector}}\n\n        {{#if theme_settings.sticky_topMenu '===' true}}\n\n        {{/if}}\n\n        <div class=\"right account-links\">\n            <ul>\n               {{#if settings.gift_certificates_enabled}}\n                    <li class=\"navUser-item gift-certficates\">\n                        <a class=\"navUser-action\" href=\"{{urls.gift_certificate.purchase}}\">{{lang 'cart.gift_certificate'}}</a>\n                    </li>\n                {{/if}}\n                {{#if settings.account_creation_enabled}}\n                    <li class=\"navUser-item navUser-item--account\">\n                        {{#if customer}}\n                            <a class=\"navUser-action account\" href=\"{{urls.account.index}}\"><i class=\"fa fa-user\" aria-hidden=\"true\"><svg><use xlink:href=\"#icon-user-alt\" /></svg></i></a>\n                            <a class=\"navUser-action logout\" href=\"{{urls.auth.logout}}\">{{lang 'common.logout'}}</a>\n                        {{else}}\n                            <a class=\"navUser-action\" href=\"{{urls.auth.login}}\"><!-- <i class=\"fa fa-user\" aria-hidden=\"true\"></i> --><a class=\"navUser-action login\" href=\"{{urls.auth.login}}\">{{lang 'common.login'}}</a><span class=\"or-text\">or</span><a class=\"navUser-action create\" href=\"{{urls.auth.create_account}}\">{{lang 'Sign Up'}}</a>\n                        {{/if}}\n                     </li>\n                {{/if}}\n        <li class=\"navUser-item navUser-item--cart {{#if cart.items}} countPill--positive{{/if}}\">\n            <a\n                class=\"navUser-action\"\n                data-cart-preview\n                data-dropdown=\"cart-preview-dropdown\"\n                data-options=\"align:right\"\n                href=\"{{urls.cart}}\">\n                <span class=\"navUser-item-cartLabel\"><i class=\"cart-icon\" aria-hidden=\"true\"><svg><use xlink:href=\"#icon-cart\" /></svg></i></span> <span class=\"countPill{{#if cart.items}} countPill--positive{{/if}} cart-quantity\">{{cart.quantity}}</span>\n            </a>\n\n            <div class=\"dropdown-menu\" id=\"cart-preview-dropdown\" data-dropdown-content aria-hidden=\"true\"></div>\n        </li>\n            </ul>\n        </div>\n        <div class=\"clear\"></div>\n    </div>\n</div>\n<div class=\"bg\"> \n    <a href=\"https://www.emergencylight.net/\">\n        <img class=\"mobileLogo\" src=\"../../../assets/img/mobileLogo.jpg\" alt=\"The Lighting Source Logo\">\n    </a>\n    <a href=\"tel:+18002825600\">\n        <img class=\"mobileNumber\" src=\"https://www.emergencylight.net/content/images/emergency-lights-company.jpg\" alt=\"Touch to call company\">\n    </a>\n</div>\n<div class=\"header-container full-width {{#if theme_settings.slider_width '===' 'full-width'}} full-width-auto {{/if}} full-width{{#if theme_settings.header-layout '!==' 'full-width'}} in-container{{/if}}\">\n  <div class=\"header-padding{{#if theme_settings.header-layout '===' 'in-container-with-padding-no-margin'}} in-container-with-padding-no-margin{{/if}}\">\n  <div class=\"header-padding{{#if theme_settings.header-layout '===' 'in-container-with-padding'}} in-container-with-padding{{/if}}\">\n  <header class=\"header\" role=\"banner\">\n    {{#if page_type '===' 'default'}}\n        <div class=\"header-logo header-logo--{{theme_settings.logo-position}}\">\n            {{> components/common/store-logo}}\n        </div>\n    {{else}}\n        <div class=\"header-logo header-logo--{{theme_settings.logo-position}}\">\n            {{> components/common/store-logo}}\n        </div>\n    {{/if}}\n\n{{#if theme_settings.logo-position '===' 'left'}}\n  <div class=\"navPages-container inside-header left-logo search-container not-sticky searchFix\" id=\"menu\" data-menu>\n    <nav class=\"navPages\">\n        <div class=\"navPages-quickSearch right searchbar\">\n            {{> components/common/quick-search}}\n        </div>\n    </nav>\n</div>\n{{/if}}\n{{#if theme_settings.logo-position '===' 'right'}}\n<div class=\"navPages-container inside-header right-logo search-container not-sticky\" id=\"menu\" data-menu>\n    <nav class=\"navPages\">\n        <div class=\"navPages-quickSearch right searchbar\">\n            {{> components/common/quick-search}}\n        </div>\n    </nav>\n</div>\n{{/if}}\n{{#if theme_settings.logo-position '===' 'center'}}\n<div class=\"navPages-container inside-header center-logo search-container not-sticky\" id=\"menu\" data-menu>\n    <nav class=\"navPages\">\n        <div class=\"navPages-quickSearch right searchbar\">\n            {{> components/common/quick-search}}\n        </div>\n    </nav>\n</div>\n{{/if}}\n<div class=\"clear\"></div>\n<div class=\"mobile-menu navPages-container mobileNavMenu\" id=\"menu\" data-menu>\n  <div class=\"currency-converter\">\n    <ul class=\"navPages-list navPages-list--user\">\n        {{#if currency_selector.currencies.length '>' 1}}\n            <li class=\"navPages-item\">\n                <a class=\"navPages-action has-subMenu\" href=\"#\" data-collapsible=\"navPages-currency\" aria-controls=\"navPages-currency\" aria-expanded=\"false\">\n                    {{currency_selector.active_currency_code}} <i class=\"icon navPages-action-moreIcon\" aria-hidden=\"true\"><svg><use xmlns:xlink=\"http://www.w3.org/1999/xlink\" xlink:href=\"#icon-chevron-down\"></use></svg></i>\n                </a>\n                <div class=\"navPage-subMenu\" id=\"navPages-currency\" aria-hidden=\"true\" tabindex=\"-1\">\n                    <ul class=\"navPnavPagesage-subMenu-list\">\n                      {{#each currency_selector.currencies}}\n                      <li class=\"dropdown-menu-item\">\n                          <a class=\"currency-name-switcher\" href=\"{{{switch_url}}}\">\n                              {{#if is_active}}\n                              <strong>{{{flag}}} {{name}}</strong>\n                              {{else}}\n                              {{{flag}}} {{name}}\n                              {{/if}}\n                          </a>\n                      </li>\n                      {{/each}}\n                    </ul>\n                </div>\n            </li>\n        {{/if}}\n    </ul>\n  </div>\n        {{> components/common/navigation-menu}}\n</div>\n</header>\n</div>\n</div>\n</div>\n\n<div class=\"main-nav-container{{#if theme_settings.header-layout '!==' 'in-container'}} full-width{{/if}} {{#if theme_settings.header-layout '===' 'in-container'}} in-container{{/if}}\">\n  <div class=\"navPages-container main-nav\" id=\"menu\" data-menu>\n        {{> components/common/navigation-menu}}\n  </div>\n</div>\n</div>\n{{{region name=\"header_bottom--global\"}}}\n</div>\n",
  "components/common/footer": "{{{region name=\"footer_above_full_width--global\"}}}\n<footer class=\"footer\" role=\"contentinfo\">\n  {{#if settings.show_newsletter_box}}\n  <div class=\"footer-top newsletter\">\n    <div class=\"content newsletter\">\n      <div class=\"\" data-section-type=\"newsletterSubscription\">\n        {{> components/common/subscription-form}}\n        <div class=\"clear\"></div>\n      </div>\n      <div class=\"clear\"></div>\n    </div>\n  </div>\n\n  <div class=\"global-region screen-width below-footer-newsletter\">\n    <div class=\"global-region body-width\">\n      {{{region name=\"footer_below_newsletter--global\"}}}\n    </div>\n  </div>\n\n  {{/if}}\n  <div class=\"container vbe\">\n    <section class=\"footer-info footerHome\">\n      <article\n        class=\"footer-info-col footer-info-col--small\"\n        data-section-type=\"storeInfo\"\n      >\n        <h5 class=\"footer-info-heading\">Contact Us</h5>\n        <div class=\"regular\">\n          <address>{{nl2br settings.address}}</address>\n        </div>\n\n        <div class=\"global-region container-width\">\n          <!-- can be used for SSL Certificate Seal -->\n          {{{region name=\"footer_below_contact--global\"}}}\n        </div>\n      </article>\n\n      <article\n        class=\"footer-info-col footer-info-col--small\"\n        data-section-type=\"footer-webPages\"\n      >\n        <h5 class=\"footer-info-heading\">Accounts & Orders</h5>\n        <div class=\"regular\">\n          <ul class=\"footer-info-list\">\n            {{#if settings.gift_certificates_enabled}}\n            <li>\n              <a href=\"/giftcertificates.php\">Gift Certificates</a>\n            </li>\n            {{/if}} {{#if settings.show_wishlist}}\n            <li>\n              <a href=\"/wishlist.php\">Wishlist</a>\n            </li>\n            {{/if}} {{#if settings.account_creation_enabled}} {{#if customer}}\n            <li>\n              <a class=\"navUser-action\" href=\"{{urls.account.index}}\"\n                >{{lang 'common.account'}}</a\n              >\n            </li>\n            <li>\n              <a class=\"navUser-action\" href=\"{{urls.auth.logout}}\"\n                >{{lang 'common.logout'}}</a\n              >\n            </li>\n            <li>\n              <a href=\"/account.php?action=order_status\">Order Status</a>\n            </li>\n            {{else}}\n            <li>\n              <a class=\"navUser-action\" href=\"{{urls.auth.login}}\"\n                >{{lang 'common.login'}}</a\n              >\n              {{#if settings.account_creation_enabled}}\n              <span class=\"navUser-or\">{{lang 'common.or'}}</span>\n              <a class=\"navUser-action\" href=\"{{urls.auth.create_account}}\"\n                >{{lang 'common.sign_up'}}</a\n              >\n            </li>\n            {{/if}} {{/if}} {{/if}} {{#if\n            theme_settings.show_shipping_returns_link}}\n            <li>\n              <a href=\"{{theme_settings.shipping_returns_url}}\"\n                >{{theme_settings.shipping_returns_link_name}}</a\n              >\n            </li>\n            {{/if}}\n          </ul>\n        </div>\n\n        <div class=\"global-region container-width\">\n          <!-- can be used for SSL Certificate Seal -->\n          {{{region name=\"footer_below_account--global\"}}}\n        </div>\n      </article>\n\n      <article\n        class=\"footer-info-col footer-info-col--small\"\n        data-section-type=\"footer-categories\"\n      >\n        <h5 class=\"footer-info-heading\">Quick Links</h5>\n        <div class=\"regular\">\n          <ul class=\"footer-info-list\">\n            {{#each pages}}\n            <li>\n              <a href=\"{{url}}\">{{name}}</a>\n            </li>\n            {{/each}}\n          </ul>\n        </div>\n\n        <div class=\"global-region container-width\">\n          {{{region name=\"footer_below_quick_links--global\"}}}\n          <!-- can be used for SSL Certificate Seal -->\n        </div>\n      </article>\n\n      <article\n        class=\"footer-info-col footer-info-col--small\"\n        data-section-type=\"footer-categories\"\n      >\n        {{#if settings.blog_enabled}}\n        <h5 class=\"footer-info-heading recent-posts-heading\">\n          Recent Blog Posts\n        </h5>\n        <div class=\"blog regular\">\n          <ul class=\"footer-info-list\">\n            {{#each (limit blog.recent_posts\n            theme_settings.footer_blog_posts_count)}}\n            <li><a href=\"{{url}}\">{{title}}</a></li>\n            {{/each}}\n          </ul>\n        </div>\n        {{/if}}\n\n        <div class=\"social-media\">{{> components/common/social-links}}</div>\n\n        <div class=\"global-region container-width\">\n          <!-- can be used for SSL Certificate Seal -->\n          {{{region name=\"footer_below_social_links--global\"}}}\n        </div>\n      </article>\n      <div class=\"clear\"></div>\n\n      {{> components/common/payment-icons}}\n\n      <div class=\"global-region container-width below-payment-icons\">\n        <!-- can be used for SSL Certificate Seal -->\n        {{{region name=\"footer_below_payment_icons--global\"}}}\n      </div>\n    </section>\n\n    <div class=\"clear\"></div>\n  </div>\n\n  <div class=\"global-region screen-width above-footer-creditsBar\">\n    <div class=\"global-region body-width\">\n      {{{region name=\"footer_above_credits_bar--global\"}}}\n      <!-- can be used for SSL Certificate Seal -->\n    </div>\n  </div>\n\n  <div class=\"footer-bottom\">\n    <div class=\"content copyright\">\n      <ul class=\"site-info\">\n        {{#if theme_settings.show_copyright_footer}}\n        <li class=\"copyright\">\n          <span class=\"current-year\"\n            >&copy;\n            <span id=\"copyright_year\"></span> {{settings.store_name}}</span\n          >\n        </li>\n        {{/if}} {{#if theme_settings.show_copyright_footer '===' true}} {{#if\n        theme_settings.show_sitemap_link '===' true}} {{#if\n        theme_settings.show_powered_by '===' true}}\n        <span class=\"separator\"> | </span>\n        {{/if}} {{/if}} {{/if}} {{#if theme_settings.show_copyright_footer '==='\n        true}} {{#if theme_settings.show_sitemap_link '===' true}} {{#if\n        theme_settings.show_powered_by '===' false}}\n        <span class=\"separator\"> | </span>\n        {{/if}} {{/if}} {{/if}} {{#if theme_settings.show_copyright_footer '==='\n        true}} {{#if theme_settings.show_sitemap_link '===' false}} {{#if\n        theme_settings.show_powered_by '===' true}}\n        <span class=\"separator\"> | </span>\n        {{/if}} {{/if}} {{/if}} {{#if theme_settings.show_sitemap_link}}\n        <li class=\"sitemap\">\n          <a href=\"{{urls.sitemap}}\">{{lang 'sitemap.page_title'}}</a>\n        </li>\n        {{/if}} {{#if theme_settings.show_sitemap_link '===' true}} {{#if\n        theme_settings.show_powered_by '===' true}}\n        <span class=\"separator\"> | </span>\n        {{/if}} {{/if}} {{#if theme_settings.show_powered_by}}\n        <li class=\"built-by\">\n          Premium\n          <a target=\"_blank\" href=\"https://www.bigcommerce.com/\">BigCommerce</a>\n          Theme by\n          <a\n            class=\"lone-star-templates\"\n            target=\"_blank\"\n            href=\"http://lonestartemplates.com/\"\n            >Lone Star Templates</a\n          >\n        </li>\n        {{/if}}\n        <div class=\"clear\"></div>\n      </ul>\n    </div>\n  </div>\n\n  <div class=\"global-region screen-width below-footer-creditsBar\">\n    <div class=\"global-region body-width\">\n      {{{region name=\"footer_below_credits_bar--global\"}}}\n      <!-- can be used for SSL Certificate Seal -->\n    </div>\n  </div>\n\n  <div id=\"topcontrol\" class=\"backtoTop\" title=\"Scroll Back to Top\">\n    <svg class=\"icon back-to-top-icon\" title=\"submit\" alt=\"submit\">\n      <use xlink:href=\"#icon-caret-square-up\"></use>\n    </svg>\n  </div>\n</footer>\n",
  "components/common/modal": "<div id=\"modal\" class=\"modal\" data-reveal data-prevent-quick-search-close>\n    <a href=\"#\" class=\"modal-close\" aria-label=\"{{lang 'common.close'}}\" role=\"button\">\n        <span aria-hidden=\"true\">&#215;</span>\n    </a>\n    <div class=\"modal-content\"></div>\n    <div class=\"loadingOverlay\"></div>\n</div>\n",
  "components/common/alert-modal": "<div id=\"alert-modal\" class=\"modal modal--alert modal--small\" data-reveal data-prevent-quick-search-close>\n    <div class=\"swal2-icon swal2-error swal2-animate-error-icon\"><span class=\"swal2-x-mark swal2-animate-x-mark\"><span class=\"swal2-x-mark-line-left\"></span><span class=\"swal2-x-mark-line-right\"></span></span></div>\n\n    <div class=\"modal-content\"></div>\n\n    <div class=\"button-container\"><button type=\"button\" class=\"confirm button\" data-reveal-close>OK</button></div>\n</div>\n",
  "components/common/currency-selector": "{{#if currency_selector.currencies.length '>' 1}}\n<div class=\"currency-converter\">\n<li class=\"navUser-item currency-menu\">\n    <a class=\"navUser-action has-dropdown\" title=\"Currency Selector\" alt=\"Currency Selector\" href=\"#\" data-dropdown=\"currencySelection\" aria-controls=\"currencySelection\" aria-expanded=\"false\">{{currency_selector.active_currency_code}} <i class=\"icon currency\" aria-hidden=\"true\"><svg><use xlink:href=\"#icon-chevron-down\" /></svg></i></a>\n    <ul class=\"dropdown-menu\" id=\"currencySelection\" data-dropdown-content aria-hidden=\"true\" tabindex=\"-1\">\n        {{#each currency_selector.currencies}}\n        <li class=\"dropdown-menu-item\">\n            <a class=\"currency-name-switcher\" href=\"{{{switch_url}}}\">\n                {{#if is_active}}\n                <strong>{{{flag}}} {{name}}</strong>\n                {{else}}\n                {{{flag}}} {{name}}\n                {{/if}}\n            </a>\n        </li>\n        {{/each}}\n    </ul>\n</li>\n</div>\n{{/if}}\n",
  "components/common/store-logo": "<a href=\"{{urls.home}}\">\n  {{#if settings.store_logo.image}} {{#if theme_settings.logo_size '==='\n  'original'}}\n  <img\n    class=\"header-logo-image-unknown-size\"\n    src=\"{{getImage settings.store_logo.image 'logo_size'}}\"\n    alt=\"{{settings.store_logo.title}}\"\n    title=\"{{settings.store_logo.title}}\"\n  />\n  {{else}}\n  <div class=\"header-logo-image-container\">\n    <img\n      class=\"header-logo-image\"\n      src=\"{{getImage settings.store_logo.image 'logo_size'}}\"\n      alt=\"{{settings.store_logo.title}}\"\n      title=\"{{settings.store_logo.title}}\"\n    />\n  </div>\n  {{/if}} {{else}}\n  <span class=\"header-logo-text\">{{settings.store_logo.title}}</span>\n  {{/if}}\n</a>\n",
  "components/common/quick-search": "<div class=\"container\">\n  {{{ snippet \"forms_search\"}}}\n  <form class=\"form\" action=\"{{urls.search}}\">\n    <fieldset class=\"form-fieldset\">\n      <div class=\"form-field\">\n        <label class=\"u-hiddenVisually\" for=\"search_query\"\n          >{{lang \"search.quick_search.input_label\"}}</label\n        >\n        <input\n          class=\"form-input\"\n          data-search-quick\n          name=\"search_query\"\n          id=\"search_query\"\n          data-error-message=\"{{lang 'search.error.empty_field'}}\"\n          placeholder=\"{{lang 'search.quick_search.input_placeholder'}}\"\n          autocomplete=\"off\"\n        />\n        <div class=\"search-icon\">\n          <i class=\"fa fa-search\" aria-hidden=\"true\"></i>\n        </div>\n        <input\n          class=\"button button--primary form-prefixPostfix-button--postfix\"\n          type=\"submit\"\n          value=\"\"\n        />\n      </div>\n    </fieldset>\n    <div class=\"clear\"></div>\n  </form>\n  <!-- <a href=\"#\" class=\"reset quicksearch\" aria-label=\"reset search\" role=\"button\">\n    <span class=\"reset\" aria-hidden=\"true\">Reset Search</span>\n  </a> -->\n  <a\n    href=\"#\"\n    class=\"modal-close custom-quick-search\"\n    aria-label=\"{{lang 'common.close'}}\"\n    role=\"button\"\n  >\n    <span aria-hidden=\"true\">&#215;</span>\n  </a>\n  <!-- <section class=\"quickSearchResults\" data-bind=\"html: results\">\n  </section> -->\n</div>\n",
  "components/common/navigation-menu": "<nav class=\"navPages\">\n    <div class=\"navPages-quickSearch right searchbar searchMobileMenu\">\n        {{> components/common/quick-search}}\n    </div>\n    <ul class=\"navPages-list\">\n        <div class=\"nav-align{{#if theme_settings.mainNav-align '!==' 'left'}} center{{/if}}\">\n        <div class=\"custom-pages-nav\">\n          <div id=\"desktop-menu\">\n            <h2 class=\"container-header mobile\">Main Menu</h2>\n            {{#each pages}}\n                <li class=\"navPages-item\">\n                    {{> components/common/navigation-list}}\n                </li>\n            {{/each}}\n          </div>\n            <div id=\"mobile-menu\">\n              <div class=\"category-menu\">\n                <h2 class=\"container-header mobile\">Shop By Category</h2>\n                {{#each categories}}\n                  <li class=\"navPages-item mobile\">\n                    {{> components/common/navigation-list}}\n                  </li>\n                {{/each}}\n              </div>\n\n            {{#if theme_settings.brands_visibility_mobile_menu '===' true}}\n            <div class=\"brand-menu\">\n              <h2 class=\"container-header mobile\">Shop By Brand</h2>\n              {{#each shop_by_brand}}\n                <li class=\"navPages-item mobile\">\n                  <a class=\"navPages-action\" href=\"{{url}}\">{{name}}</a>\n                </li>\n              {{/each}}\n                  <li class=\"navPages-item mobile\">\n                    <a class=\"navPages-action\" href=\"/brands/\">View all Brands</a>\n                  </li>\n            <div class=\"clear\"></div>\n          </div>\n          {{/if}}\n\n          </div>\n        </div>\n    </ul>\n    <ul class=\"navPages-list navPages-list--user\">\n        {{#if currency_selector.currencies.length '>' 1}}\n            <li class=\"navPages-item\">\n                <a class=\"navPages-action has-subMenu\" href=\"#\" data-collapsible=\"navPages-currency\" aria-controls=\"navPages-currency\" aria-expanded=\"false\">\n                    {{lang 'common.currency' code=currency_selector.active_currency_code}} <i class=\"icon navPages-action-moreIcon\" aria-hidden=\"true\"><svg><use xmlns:xlink=\"http://www.w3.org/1999/xlink\" xlink:href=\"#icon-chevron-down\"></use></svg></i>\n                </a>\n                <div class=\"navPage-subMenu\" id=\"navPages-currency\" aria-hidden=\"true\" tabindex=\"-1\">\n                    <ul class=\"navPnavPagesage-subMenu-list\">\n                        {{#each currency_selector.currencies}}\n                        <li class=\"navPage-subMenu-item\">\n                            <a class=\"navPage-subMenu-action navPages-action\" href=\"{{{switch_url}}}\">\n                                {{#if is_active}}\n                                    <strong>{{name}}</strong>\n                                {{else}}\n                                    {{name}}\n                                {{/if}}\n                            </a>\n                        </li>\n                        {{/each}}\n                    </ul>\n                </div>\n            </li>\n        {{/if}}\n        <li class=\"navPages-item\">\n            <a class=\"navPages-action\" href=\"{{urls.gift_certificate.purchase}}\">{{lang 'common.gift_cert'}}</a>\n        </li>\n        {{#if customer.store_credit.value '>' 0}}\n            <li class=\"navPages-item\">\n                <a class=\"navPages-action navPages-action--storeCredit\">\n                    {{lang 'common.store_credit_overview' credit=customer.store_credit.formatted}}\n                </a>\n            </li>\n        {{/if}}\n        {{#if theme_settings.product_list_display_mode '==' 'list'}}\n            <li class=\"navPages-item\">\n                <a class=\"navPages-action navPages-action--compare\" href=\"{{urls.compare}}\" data-compare-nav>{{lang 'common.compare'}} <span class=\"countPill countPill--positive countPill--alt\"></span></a>\n            </li>\n        {{/if}}\n        {{#if customer}}\n            <li class=\"navPages-item account\">\n                <a class=\"navPages-action has-subMenu\" href=\"{{urls.account.index}}\" data-collapsible=\"navPages-account\">\n                    {{lang 'common.account'}} <i class=\"fa fa-chevron-down\" aria-hidden=\"true\"></i>\n                </a>\n                <div class=\"navPage-subMenu\" id=\"navPages-account\" aria-hidden=\"true\" tabindex=\"-1\">\n                    <ul class=\"navPage-subMenu-list\">\n                        <li class=\"navPage-subMenu-item\">\n                            <a class=\"navPage-subMenu-action navPages-action\" href=\"{{urls.account.orders.all}}\">{{lang 'account.nav.orders'}}</a>\n                        </li>\n                        {{#if settings.returns_enabled}}\n                            <li class=\"navPage-subMenu-item\">\n                                <a class=\"navPage-subMenu-action navPages-action\" href=\"{{urls.account.returns}}\">{{lang 'account.nav.returns'}}</a>\n                            </li>\n                        {{/if}}\n                        <li class=\"navPage-subMenu-item\">\n                            <a class=\"navPage-subMenu-action navPages-action\" href=\"{{urls.account.inbox}}\">{{lang 'account.mobile_nav.messages'}}</a>\n                        </li>\n                        <li class=\"navPage-subMenu-item\">\n                            <a class=\"navPage-subMenu-action navPages-action\" href=\"{{urls.account.addresses}}\">{{lang 'account.nav.addresses'}}</span></a>\n                        </li>\n                        <li class=\"navPage-subMenu-item\">\n                            <a class=\"navPage-subMenu-action navPages-action\" href=\"{{urls.account.wishlists.all}}\">{{lang 'account.mobile_nav.wishlists'}}</a>\n                        </li>\n                        <li class=\"navPage-subMenu-item\">\n                            <a class=\"navPage-subMenu-action navPages-action\" href=\"{{urls.account.recent_items}}\">{{lang 'account.nav.recently_viewed'}}</a>\n                        </li>\n                        <li class=\"navPage-subMenu-item\">\n                            <a class=\"navPage-subMenu-action navPages-action\" href=\"{{urls.account.details}}\">{{lang 'account.nav.settings'}}</a>\n                        </li>\n                    </ul>\n                </div>\n            </li>\n            <li class=\"navPages-item\">\n                <a class=\"navPages-action\" href=\"{{urls.auth.logout}}\">{{lang 'common.logout'}}</a>\n            </li>\n        {{else}}\n            <li class=\"navPages-item\">\n                <a class=\"navPages-action\" href=\"{{urls.auth.login}}\">{{lang 'common.login'}}</a> {{lang 'common.or'}} <a class=\"navPages-action\" href=\"{{urls.auth.create_account}}\">{{lang 'common.sign_up'}}</a>\n            </li>\n        {{/if}}\n    </ul>\n</nav>\n",
  "components/common/subscription-form": "<h5 class=\"footer-info-heading\">{{lang 'newsletter.subscribe'}}&nbsp;<span class=\"smaller lighter lowercase\">{{lang 'newsletter.subscribe_intro'}}</span></h5>\n<form class=\"form\" action=\"{{urls.subscribe.action}}\" method=\"post\">\n    <fieldset class=\"form-fieldset\">\n        <input type=\"hidden\" name=\"action\" value=\"subscribe\">\n        <input type=\"hidden\" name=\"nl_first_name\" value=\"bc\">\n        <input type=\"hidden\" name=\"check\" value=\"1\">\n        <div class=\"form-field\">\n            <label class=\"form-label u-hiddenVisually\" for=\"nl_email\">{{lang 'common.email_address'}}</label>\n            <div class=\"form-prefixPostfix wrap\">\n                <input class=\"form-input\" id=\"nl_email\" name=\"nl_email\" type=\"email\" value=\"{{customer.email}}\" placeholder=\"Email\">\n                <input class=\"button button--primary form-prefixPostfix-button--postfix\" type=\"submit\" value=\"Join\">\n                <div class=\"clear\"></div>\n            </div>\n            <div class=\"clear\"></div>\n        </div>\n        <div class=\"clear\"></div>\n    </fieldset>\n</form>\n<div class=\"clear\"></div>\n",
  "components/common/social-links": "{{#if social_media}}\n    <h5 class=\"footer-info-heading\">Connect with Us:</h5>\n    <ul class=\"socialLinks socialLinks--alt\">\n        {{#each social_media}}\n            <li class=\"socialLinks-item\">\n                {{#if display_name '===' 'google+'}}\n                    <a class=\"icon icon--google\" href=\"{{url}}\" target=\"_blank\">\n                        <svg><use xlink:href=\"#icon-google\" /></svg>\n                    </a>\n                {{else}}\n                    <a class=\"icon icon--{{display_name}}\" href=\"{{url}}\" target=\"_blank\">\n                        <svg><use xlink:href=\"#icon-{{display_name}}\" /></svg>\n                    </a>\n                {{/if}}\n            </li>\n        {{/each}}\n    </ul>\n{{/if}}\n",
  "components/common/payment-icons": "<div class=\"footer-payment-icons\">\n    {{#if theme_settings.show_accept_amazon_pay}}\n        <svg class=\"footer-payment-icon amazonpay\"><use xlink:href=\"#icon-logo-amazonpay\"></use></svg>\n    {{/if}}\n    {{#if theme_settings.show_accept_amex}}\n        <svg class=\"footer-payment-icon amex\"><use xlink:href=\"#icon-logo-american-express\"></use></svg>\n    {{/if}}\n    {{#if theme_settings.show_accept_apple_pay}}\n        <svg class=\"footer-payment-icon applepay\"><use xlink:href=\"#icon-logo-applepay\"></use></svg>\n    {{/if}}\n    {{#if theme_settings.show_accept_chase_pay}}\n        <svg class=\"footer-payment-icon chasepay\"><use xlink:href=\"#icon-logo-chasepay\"></use></svg>\n    {{/if}}\n    {{#if theme_settings.show_accept_discover}}\n        <svg class=\"footer-payment-icon discover\"><use xlink:href=\"#icon-logo-discover\"></use></svg>\n    {{/if}}\n    {{#if theme_settings.show_accept_mastercard}}\n        <svg class=\"footer-payment-icon mastercard\"><use xlink:href=\"#icon-logo-mastercard\"></use></svg>\n    {{/if}}\n    {{#if theme_settings.show_accept_masterpass}}\n        <svg class=\"footer-payment-icon masterpass\"><use xlink:href=\"#icon-logo-masterpass\"></use></svg>\n    {{/if}}\n    {{#if theme_settings.show_accept_paypal}}\n        <svg class=\"footer-payment-icon paypal\"><use xlink:href=\"#icon-logo-paypal\"></use></svg>\n    {{/if}}\n    {{#if theme_settings.show_accept_visa}}\n        <svg class=\"footer-payment-icon visa\"><use xlink:href=\"#icon-logo-visa\"></use></svg>\n    {{/if}}\n    {{#if theme_settings.show_accept_visa_pay}}\n        <svg class=\"footer-payment-icon visapay\"><use xlink:href=\"#icon-logo-visapay\"></use></svg>\n    {{/if}}\n    <div class=\"clear\"></div>\n</div>\n\n<div class=\"global-region container-width right-of-payment-icons\"> <!-- can be used for SSL Certificate Seal -->\n  {{{region name=\"footer_right_of_payment_icons--global\"}}}\n</div>\n",
  "components/common/navigation-list": "{{#if children}}\n<a class=\"navPages-action has-subMenu\" href=\"{{url}}\">\n    {{name}} <i class=\"fa fa-chevron-down main-nav\" aria-hidden=\"true\"><svg><use xlink:href=\"#icon-chevron-down\" /></svg></i>\n</a>\n<div class=\"navPage-subMenu\" id=\"navPages-{{id}}\" aria-hidden=\"true\" tabindex=\"-1\">\n    <ul class=\"navPage-subMenu-list\">\n        {{#each children}}\n            <li class=\"navPage-subMenu-item\">\n                {{#if children}}\n                    <a\n                        class=\"navPage-subMenu-action navPages-action has-subMenu\"\n                        href=\"{{url}}\"\n                        data-collapsible=\"navPages-{{id}}\"\n                        data-collapsible-disabled-breakpoint=\"medium\"\n                        data-collapsible-disabled-state=\"open\"\n                        data-collapsible-enabled-state=\"closed\">\n                        {{name}} <i class=\"fa fa-chevron-down\" aria-hidden=\"true\"><svg><use xlink:href=\"#icon-chevron-down\" /></svg></i>\n                    </a>\n                    <ul class=\"navPage-childList\" id=\"navPages-{{id}}\">\n                        {{#each children}}\n                        <li class=\"navPage-childList-item\">\n                            <a class=\"navPage-childList-action navPages-action\" href=\"{{url}}\">{{name}}</a>\n                        </li>\n                        {{/each}}\n                    </ul>\n                {{else}}\n                    <a class=\"navPage-subMenu-action navPages-action\" href=\"{{url}}\">{{name}}</a>\n                {{/if}}\n            </li>\n        {{/each}}\n    </ul>\n</div>\n{{else}}\n<a class=\"navPages-action\" href=\"{{url}}\">{{name}}</a>\n{{/if}}\n"
}